{
    "full_bigSE3":
    {
        "description": "deep architecture w/ big SE(3)-Transformer on fully connected graph. Trained on biounit",
        "model_param":{
            "n_extra_block"   : 4,
            "n_main_block"    : 32,
            "n_ref_block"     : 4,
            "d_msa"           : 256 ,
            "d_pair"          : 128,
            "d_templ"         : 64,
            "n_head_msa"      : 8,
            "n_head_pair"     : 4,
            "n_head_templ"    : 4,
            "d_hidden"        : 32,
            "d_hidden_templ"  : 64,
            "p_drop"       : 0.0,
            "lj_lin"       : 0.75,
            "SE3_param": {
                "num_layers"    : 1,
                "num_channels"  : 32,
                "num_degrees"   : 2,
                "l0_in_features": 64,
                "l0_out_features": 64,
                "l1_in_features": 3,
                "l1_out_features": 2,
                "num_edge_features": 64,
                "div": 4,
                "n_heads": 4
                }
            },
        "weight_fn": ["full_bigSE3_model1.pt", "full_bigSE3_model2.pt", "full_bigSE3_model3.pt"]
    },
    "full_smallSE3":
    {
        "description": "deep architecture w/ small SE(3)-Transformer on fully connected graph. Trained on biounit",
        "model_param":{
            "n_extra_block"   : 4,
            "n_main_block"    : 32,
            "n_ref_block"     : 4,
            "d_msa"           : 256 ,
            "d_pair"          : 128,
            "d_templ"         : 64,
            "n_head_msa"      : 8,
            "n_head_pair"     : 4,
            "n_head_templ"    : 4,
            "d_hidden"        : 32,
            "d_hidden_templ"  : 32,
            "p_drop"       : 0.0,
            "SE3_param_full": {
                "num_layers"    : 1,
                "num_channels"  : 32,
                "num_degrees"   : 2,
                "l0_in_features": 8,
                "l0_out_features": 8,
                "l1_in_features": 3,
                "l1_out_features": 2,
                "num_edge_features": 32,
                "div": 4,
                "n_heads": 4
                },
            "SE3_param_topk": {
                "num_layers"    : 1,
                "num_channels"  : 32,
                "num_degrees"   : 2,
                "l0_in_features": 64,
                "l0_out_features": 64,
                "l1_in_features": 3,
                "l1_out_features": 2,
                "num_edge_features": 64,
                "div": 4,
                "n_heads": 4
                }
            },
        "weight_fn": ["full_smallSE3_model1.pt", "full_smallSE3_model2.pt"]
    }
}

